text	label
Except as otherwise set forth in this Debenture, the Company, for itself and its legal representatives, successors and assigns, expressly waives presentment, protest, demand, notice of dishonor, notice of nonpayment, notice of maturity, notice of protest, presentment for the purpose of accelerating maturity, and diligence in collection.	Waivers
No ERISA Event has occurred or is reasonably expected to occur that, when taken together with all other such ERISA Events for which liability is reasonably expected to occur, could reasonably be expected to result in a Material Adverse Effect. Neither Borrower nor any ERISA Affiliate maintains or contributes to or has any obligation to maintain or contribute to any Multiemployer Plan or Plan, nor otherwise has any liability under Title IV of ERISA.	Erisa
This Amendment may be executed by one or more of the parties hereto on any number of separate counterparts, and all of said counterparts taken together shall be deemed to constitute one and the same instrument. This Amendment may be delivered by facsimile or other electronic transmission of the relevant signature pages hereof.	Counterparts
From time to time, as and when required by the Surviving Corporation or by its successors or assigns, there shall be executed and delivered on behalf of Ashford (DE) such deeds and other instruments, and there shall be taken or caused to be taken by it all such further and other action, as shall be appropriate, advisable or necessary in order to vest, perfect or confirm, of record or otherwise, in the Surviving Corporation the title to and possession of all property, interests, assets, rights, privileges, immunities, powers, franchises and authority of Ashford (DE), and otherwise to carry out the purposes of this Agreement.  The officers and directors of the Surviving Corporation are fully authorized in the name and on behalf of Ashford (DE) or otherwise, to take any and all such action and to execute and deliver any and all such deeds and other instruments.	Further Assurances
Commencing March 7, 2016 and during the Employment Period, the Company shall pay to the Executive a base salary at the rate of no less than $750,000 per calendar year (the “Base Salary”), less applicable deductions, and prorated for any partial month or year, as applicable. The Base Salary shall be reviewed for increase by the Compensation Committees of AFG and AAC (the “Compensation Committees”) no less frequently than annually and may be increased in the discretion of the Compensation Committees. Any such adjusted Base Salary shall constitute the “Base Salary” for purposes of this Agreement. The Base Salary shall be paid in substantially equal installments in accordance with AAC’s regular payroll procedures. The Executive’s Base Salary may not be decreased during the Employment Period. The Company shall provide the Executive with a payment in an amount equal to the difference between (i) the Base Salary payments the Executive would have received had he been paid at the rate set forth in this Section 4(a) during the period commencing on March 7, 2016 and ending on the Effective Date hereof and (ii) the actual salary payments made to the Executive during such period, payable in a lump sum on a regular payroll date as soon as practicable following the Effective Date.	Base Salary
All notices required or permitted under this Agreement will be in writing, will reference this Agreement, and will be deemed given: (i) when delivered personally; (ii) one (1) business day after deposit with a nationally-recognized express courier, with written confirmation of receipt; or (iii) three (3) business days after having been sent by registered or certified mail, return receipt requested, postage prepaid. All such notices will be sent to the addresses set forth above or to such other address as may be specified by either party to the other party in accordance with this Section.	Notices
Each Credit Party shall maintain, in all material respects, proper, complete and consistent books of record with respect to such Person’s operations, affairs, and financial condition. From time to time upon reasonable prior notice, each Credit Party shall permit any Lender, at such reasonable times and intervals and to a reasonable extent and under the reasonable guidance of officers of or employees delegated by officers of such Credit Party, to, subject to any applicable confidentiality considerations, examine and copy the books and records of such Credit Party, to visit and inspect the Property of such Credit Party, and to discuss the business operations and Property of such Credit Party with the officers and directors thereof (provided that, so long as no Event of Default has occurred and is continuing, the Lenders shall be entitled to only one such visit per year coordinated by the Administrative Agent).	Records
BORROWER HEREBY AGREES TO DEFEND, INDEMNIFY AND HOLD HARMLESS INDEMNITEES FOR, FROM AND AGAINST ANY AND ALL LOSSES, DAMAGES, LIABILITIES, CLAIMS, ACTIONS, JUDGMENTS, COURT COSTS AND LEGAL OR OTHER EXPENSES (INCLUDING, WITHOUT LIMITATION, REASONABLE ATTORNEYS' FEES AND EXPENSES) WHICH ANY INDEMNITEE MAY INCUR AS A DIRECT OR INDIRECT CONSEQUENCE OF: (A) THE PURPOSE TO WHICH BORROWER APPLIES THE LOAN PROCEEDS; (B) THE FAILURE OF BORROWER TO PERFORM ANY OBLIGATIONS AS AND WHEN REQUIRED BY THIS AGREEMENT OR ANY OF THE OTHER LOAN DOCUMENTS; (C) ANY FAILURE AT ANY TIME OF ANY OF BORROWER'S REPRESENTATIONS OR WARRANTIES TO BE TRUE AND CORRECT; (D) ANY ACT OR OMISSION BY BORROWER, CONSTITUENT PARTNER OR MEMBER OF BORROWER WITH RESPECT TO ANY OF THE PROPERTY OR IMPROVEMENTS; OR (E) ANY ACTION OR OMISSION OF ANY INDEMNITEE IN CONNECTION WITH THE ENFORCEMENT OF ANY OF ITS RIGHTS UNDER THE LOAN DOCUMENTS OR THE OTHER RELATED DOCUMENTS EXCEPT TO THE EXTENT ARISING FORM THE GROSS NEGLIGENCE OR WILLFUL MISCONDUCT OF ANY INDEMNITEE. BORROWER SHALL PROMPTLY PAY TO INDEMNITEES UPON DEMAND ANY AMOUNTS OWING UNDER THIS INDEMNITY, TOGETHER WITH INTEREST FROM THE DATE SUCH OBLIGATION ARISES UNTIL PAID AT THE RATE OF INTEREST APPLICABLE TO THE PRINCIPAL BALANCE OF THE NOTE. BORROWER'S DUTY AND OBLIGATION TO DEFEND, INDEMNIFY AND HOLD HARMLESS INDEMNITEES SHALL SURVIVE CANCELLATION OF THE NOTE AND THE RECONVEYANCE, RELEASE OR SATISFACTION OR PARTIAL RECONVEYANCE, RELEASE OR SATISFACTION OF THE SECURITY INSTRUMENT OR OTHER LOAN DOCUMENTS.	Indemnity
Sublessee leases the Aircraft in its “as is, where is” condition. The only services, rights, or warranties to which the Sublessee is entitled to under this Sublease are those to which the Sublessor is provided under the Prime Lease.	Warranties
This Agreement shall be construed and enforced in accordance with the laws of the State of Minnesota (without reference to its conflicts of laws provisions).	Governing Laws
Any dispute, controversy, claim or action of any kind arising out of, relating to, or in connection with this Agreement, or in any way involving Company and Investor or their respective Affiliates, including any issues of arbitrability, will be resolved solely by final and binding arbitration in English before a retired judge at JAMS International, or its successor, in the Territory of the Virgin Islands, pursuant to the most expedited and Streamlined Arbitration Rules and procedures available. Any interim or final award may be entered and enforced by any court of competent jurisdiction. The final award will include the prevailing party’s reasonable arbitration, expert witness and attorney fees, costs and expenses. Notwithstanding the foregoing, Investor may in its sole discretion bring an action in the U.S. District Court for the District of Nevada or the Middle District of Florida in addition to, in lieu of, or in aid of arbitration.	Arbitration
This Agreement and any of the documents related hereto and the rights, duties, or obligations thereunder may not be assigned by the Applicant without the written consent of the Commissioner.  Any assignment made without the written consent of the Commissioner shall be void and of no force or effect.	Assignments
Borrower or any Guarantor fails to provide the Lender with financial statements, tax returns or other information within thirty (30) days of Lender’s request..	Financial Statements
"Except as disclosed in the SEC Reports, there is no action, suit, inquiry, notice of violation, proceeding or investigation pending or, to the knowledge of the Company, threatened against or affecting the Company, any Subsidiary or any of their respective properties before or by any court, arbitrator, governmental or administrative agency or regulatory authority (federal, state, county, local or foreign) (collectively, an "" Action "") which (i) adversely affects or challenges the legality, validity or enforceability of any of the Transaction Documents or the Securities or (ii) could, if there were an unfavorable decision, have or reasonably be expected to result in a Material Adverse Effect.  Neither the Company nor any Subsidiary, nor any director or officer thereof, is or has been the subject of any Action involving a claim of violation of or liability under federal or state securities laws or a claim of breach of fiduciary duty.  There has not been, and to the knowledge of the Company, there is not pending or contemplated, any investigation by the Commission involving the Company or any current or former director or officer of the Company.  The Commission has not issued any stop order or other order suspending the effectiveness of any registration statement filed by the Company or any Subsidiary under the Exchange Act or the Securities Act."	Litigations
Neither the Company’s ownership of the assets, nor, to such Assignor’s knowledge, the operation of the Company’s assets is in violation of any applicable laws, licenses and permits, including any applicable environmental laws, licenses and permits, in any material respect.	Compliance With Laws
During the Term of Executive’s Agreement, the Executive shall be entitled to be paid vacation in accordance with the most favorable plans, policies, programs and practices of the Company and its subsidiaries as in effect at any time hereafter with respect to other key Executives of the Company and its subsidiaries; provided, however, that in no event shall Executive be entitled to fewer than 25 business days paid vacation per year, as well as pay for all holidays observed by the Company.	Vacations
This Agreement supersedes all prior agreements, whether oral or written, by any officer, employee or representative of any party hereto in respect of the subject matter contained herein; and any prior agreement of the parties hereto in respect of the subject matter contained herein is hereby terminated and cancelled (other than the Non-disclosure and Assignment of Inventions Agreement dated May 24, 2013 by and between Employee and the Company).	Entire Agreements
The validity or unenforceability of any provision or provisions of this Agreement shall not affect the validity or enforceability of any other provision hereof, which will remain in full force and effect.  Should a court or other body of competent jurisdiction determine that any provision of this Agreement is excessive in scope or otherwise illegal, invalid, void or unenforceable, such provision shall be adjusted rather than voided, if possible, so that it is enforceable to the maximum extent possible.	Severability
Notwithstanding anything herein to the contrary, the Company shall have the right to enforce the provisions of Section 3.3 through an action, suit or proceeding brought in any federal court located in the State of Colorado or any Colorado state court, and each Participant consents to the exclusive jurisdiction and venue of such courts (and of the appropriate appellate courts therefrom) in any such action, suit or proceeding and irrevocably waives, to the fullest extent permitted by law, any right to a jury trial and any objection that such party may now or hereafter have to the laying of the venue of any such action, suit or proceeding in any such court or that any such action, suit or proceeding brought in any such court has been brought in an inconvenient forum.	Waiver Of Jury Trials
All covenants, agreements, representations and warranties made by the Borrower herein and in the certificates or other instruments delivered in connection with or pursuant to this Agreement shall be considered to have been relied upon by the other parties hereto and shall survive the execution and delivery of this Agreement and the making of any Loans, regardless of any investigation made by any such other party or on its behalf and notwithstanding that the Administrative Agent or any Lender may have had notice or knowledge of any Default or incorrect representation or warranty at the time any credit is extended hereunder, and shall continue in full force and effect as long as the principal of or any accrued interest on any Loan or any fee or any other amount payable under this Agreement is outstanding. The provisions of Section 2.15 , Section 2.16 , Section 2.17 and Section 9.03 and Article VIII shall survive and remain in full force and effect regardless of the consummation of the transactions contemplated hereby, the repayment of the Loan, or the termination of this Agreement or any provision hereof.	Survival
The Purchaser is an entity and is duly incorporated, validly existing and in good standing under the laws of the jurisdiction of its incorporation or organization.	Organizations
This Agreement shall be binding upon and inure to the benefit of the Borrower, the each Guarantor, the Administrative Agent, each Bank and their respective successors and permitted assigns, except that the Borrower and the Guarantor Guarantors shall not have the right to assign any of their respective rights hereunder or any interest herein without the prior written consent of the Banks. The rights of the Banks to assign this Agreement are set forth in and are subject to the provisions of Section 10.16 .	Binding Effects
Borrower shall use proceeds of the Loan to (a) make initial deposits of the Reserve Funds, (b) make distributions to Equity Owner, (c) pay costs and expenses incurred in connection with the closing of the Loan and any related Securitization, and (d) to the extent any proceeds remain after satisfying clauses (a) through (c) above, for such lawful purpose as Borrower shall designate.	Use Of Proceeds
Landlord and Tenant acknowledge and agree that the Lease Term commenced on May 1, 1996 and is scheduled to expire on April 30, 2017.  Landlord and Tenant hereby extend the Lease Term for the period commencing on May 1, 2017 and expiring on July 31, 2020 (the “ Additional Term ”), unless further extended or earlier terminated in accordance with the provisions of the Lease.	Terms
You agree to hold the facts and circumstances surrounding the execution of this Agreement and the Supplemental Release in strictest confidence.	Confidentiality
The Committee has the right at any time, and from time to time, to amend, alter, suspend, discontinue or cancel the Option, prospectively or retroactively; provided, however , that no such amendment shall adversely affect the Participant’s material rights under this Agreement without the Participant’s written consent, and any such amendment shall be in accordance with Section 409A of the Code.	Amendments
Subject to Section 5.4(c), shares issued pursuant to any Restricted Stock Award may (but need not) be made subject to Vesting Conditions based upon the satisfaction of such Service requirements, conditions, restrictions or performance criteria, including, without limitation, Performance Goals as described in Section 10.4, as shall be established by the Committee and set forth in the Award Agreement evidencing such Award. During any period in which shares acquired pursuant to a Restricted Stock Award remain subject to Vesting Conditions, such shares may not be sold, exchanged, transferred, pledged, assigned or otherwise disposed of other than pursuant to an Ownership Change Event or as provided in Section 8.8. The Committee, in its discretion, may provide in any Award Agreement evidencing a Restricted Stock Award that, if the satisfaction of Vesting Conditions with respect to any shares subject to such Restricted Stock Award would otherwise occur on a day on which the sale of such shares would violate the provisions of the Insider Trading Policy, then satisfaction of the Vesting Conditions automatically shall be determined on the next trading day on which the sale of such shares would not violate the Insider Trading Policy. Upon request by the Company, each Participant shall execute any agreement evidencing such transfer restrictions prior to the receipt of shares of Stock hereunder and shall promptly present to the Company any and all certificates representing shares of Stock acquired hereunder for the placement on such certificates of appropriate legends evidencing any such transfer restrictions.	Vesting
Within three (3) Business Days of the date hereof, the Company shall issue a press release substantially in the form of Exhibit C hereto.  No other written public release or written announcement concerning the purchase of the Shares contemplated hereby shall be issued by any Party without the prior written consent of the other Parties (which consent shall not be unreasonably withheld), except as such release or announcement may be required by Law or the rules or regulations of any securities exchange, in which case the Party required to make the release or announcement shall, if such release or announcement contains information materially different from the press release set forth on Exhibit C , and to the extent reasonably practicable, allow the other Parties reasonable time to comment on such release or announcement in advance of such issuance.  The provisions of this Section 13 shall not restrict the ability of a Party to summarize or describe the transactions contemplated by this Agreement in any prospectus or similar offering document so long as the other Parties are provided a reasonable opportunity to review such disclosure in advance.	Publicity
Subject to the terms and conditions set forth herein, at the request of any Account Party the Lenders agree at any time and from time to time during the Availability Period to issue Non-Syndicated Letters of Credit for the account of such Account Party in an aggregate amount that will not result in the Aggregate Credit Exposure exceeding the Commitments (it being understood that Non-Syndicated Letters of Credit may be issued, or be outstanding, for the account of more than one of the Account Parties at any time).	General
The Company is not providing Grantee with advice, warranties, or representations regarding any of the legal, tax, or business effects to Grantee with respect to the Plan or this Award Agreement.  Grantee is encouraged to seek legal, tax, and business advice from Grantee’s own legal, tax, and business advisers as soon as possible.  By accepting this Award and the Shares covered thereby, and by signing this Award Agreement, Grantee acknowledges that Grantee is familiar with the terms of the Award Agreement and the Plan, that Grantee has been encouraged by the Company to discuss the Award and the Plan with Grantee’s own legal, tax, and business advisers, and that Grantee agrees to be bound by the terms of the Plan and the Award Agreement.	Representations
Withholding of all applicable taxes are your responsibility.	Withholdings
No Event of Default or, to the best of the Borrower’s knowledge, Default exists under or with respect to any Loan Document and neither the Borrower nor any other Covered Party is in default in any material respect beyond any applicable grace period under or with respect to any other material agreement, instrument or undertaking to which it is a party or by which it or any of its property is bound in any respect, the existence of which default is likely to result in a Material Adverse Effect.	No Defaults
This Agreement shall inure to the benefit of and be binding upon the Company and its successors and assigns.  Entellus shall seek to have any Successor, by written agreement, assent to the fulfillment by such Successor of Entellus’ obligations under this Agreement. A Successor has no rights, authority or power with respect to this Agreement prior to a Change in Control.	Successors
Subject to the terms of the Intercreditor Agreement, the Guarantors jointly and severally agree that, as between the Guarantors and the Lenders, the obligations of Borrower under this Agreement and the Notes, if any, may be declared to be forthwith due and payable as provided in Section 10.1 (and shall be deemed to have become automatically due and payable in the circumstances provided in Section 10.1) for purposes of Section 12.1, notwithstanding any stay, injunction or other prohibition preventing such declaration (or such obligations from becoming automatically due and payable) as against Borrower and that, in the event of such declaration (or such obligations being deemed to have become automatically due and payable), such obligations (whether or not due and payable by Borrower) shall forthwith become due and payable by the Guarantors for purposes of Section 12.1.	Remedies
All Taxes shall be the financial responsibility of the party obligated to pay such Taxes as determined by applicable law and neither party is or shall be liable at any time for any of the other party’s Taxes incurred in connection with or related to amounts paid under this Agreement. No Tax shall be withheld by the Company on any Net Cash Proceeds payable to the Investors hereunder unless required by law.	Taxes
Interest on Advances shall be payable in arrears (a) on the first day of each month with respect to Domestic Rate Loans, (b) with respect to LIBOR Rate Loans having an Interest Period of one, two or three months, at the end of the applicable Interest Period, and (c) with respect to LIBOR Rate Loans having an Interest Period of six months, at the end of each three month period during such Interest Period, provided that all accrued and unpaid interest shall be due and payable at the end of the Term. Interest charges shall be computed on the actual principal amount of Advances outstanding during the applicable month at a rate per annum equal to (i) with respect to Revolving Advances, the applicable Revolving Interest Rate, and (ii) with respect to Swing Loans, the Revolving Interest Rate for Domestic Rate Loans (as applicable, the “ Contract Rate ”). Except as expressly provided otherwise in this Agreement, any Obligations other than the Advances that are not paid when due shall accrue interest at the Revolving Interest Rate for Domestic Rate Loans, subject to the provision of the final sentence of this Section 3.1 regarding the Default Rate. Whenever, subsequent to the Closing Date, the Alternate Base Rate is increased or decreased, the applicable Contract Rate shall be similarly changed without notice or demand of any kind by an amount equal to the amount of such change in the Alternate Base Rate during the time such change or changes remain in effect. The LIBOR Rate shall be adjusted with respect to LIBOR Rate Loans without notice or demand of any kind on the effective date of any change in the Reserve Percentage as of such effective date. Upon and after the occurrence of an Event of Default, and during the continuation thereof, at the option of Agent or at the direction of Required Lenders (or, in the case of any Event of Default under Section 10.7 hereof, immediately and automatically upon the occurrence of any such Event of Default without the requirement of any affirmative action by any party), the Obligations shall bear interest at the applicable Contract Rate plus two percent (2%) per annum (as applicable, the “ Default Rate ”).	Interests
For purposes of this Section 5.9 , the term “Lender” includes any Issuing Bank and the term “Applicable Law” includes FATCA.	Defined Terms
Seller and Buyer each acknowledge that it has been represented by its own legal counsel in connection with this Agreement and the transactions contemplated by this Agreement. Accordingly, any rule of law, or any legal decision that would require interpretation of any claimed ambiguities in this Agreement against the Party that drafted it, has no application and is expressly waived. The provisions of this Agreement shall be interpreted in a reasonable manner to effect the intent of Seller and Buyer.	Interpretations
If a Disputed Claim is made with respect to a termination of employment occurring during a period beginning on the date of a Change in Control and ending 24 months thereafter, the Participant shall be entitled to reimbursement of Attorneys’ Fees, whether or not the Participant obtains a Judgment or Award. Such reimbursement shall be made on a “pay-as-you-go” basis, as soon as practicable after presentation to the Company in writing of any periodic statements for Attorneys’ Fees, but in no event later than the last day of the Participant’s taxable year following the taxable year in which the applicable Attorneys’ Fees were incurred.	Change In Control
The Borrower agrees (a) to pay or reimburse the Agents for all reasonable and documented out of pocket costs and expenses incurred in connection with the preparation, negotiation, syndication and execution of this Agreement and the other Loan Documents and any amendment, waiver, consent or other modification of the provisions hereof and thereof (whether or not the transactions contemplated thereby are consummated), and the consummation and administration of the transactions contemplated hereby and thereby, including all Attorney Costs of Cahill Gordon & Reindel LLP, and (b) to pay or reimburse the Administrative Agent and the Lenders for all reasonable and documented out-of-pocket costs and expenses incurred in connection with the enforcement of any rights or remedies under this Agreement or the other Loan Documents (including all such costs and expenses incurred during any legal proceeding, including any proceeding under any Debtor Relief Law, and including all Attorney Costs of counsel to the Administrative Agent). The agreements in this Section 10.04 shall survive the termination of the Aggregate Commitments and repayment of all other Obligations. All amounts due under this Section 10.04 shall be paid promptly following receipt by the Borrower of an invoice relating thereto setting forth such expenses in reasonable detail. If any Loan Party fails to pay when due any costs, expenses or other amounts payable by it hereunder or under any Loan Document, such amount may be paid on behalf of such Loan Party by the Administrative Agent in its sole discretion.	Expenses
You shall forfeit your right to receive any unpaid Retention Bonus and the Company shall have no further obligation under this Agreement in the event your employment with the Company and its subsidiaries is terminated for any reason (including your death or disability) other than as set forth in Section 2 hereof.	Forfeitures
Borrower and each Subsidiary has good and indefeasible title to its respective Properties, free and clear of all Liens, except for Permitted Liens.	Titles
Notwithstanding anything in this Agreement to the contrary, the Company’s obligations under Sections 7.4, 7.5 and 7.6 shall terminate if Executive does not execute and deliver to the Company a release substantially in the form attached hereto as Appendix A within [forty-five (45) days] of termination of employment or revokes such release within any applicable revocation period.	Releases
The parties recognize that if any provision of this Agreement is violated by the Company, Indemnitee may be without an adequate remedy at law. Accordingly, in the event of any such violation, Indemnitee shall be entitled, if Indemnitee so elects, to institute Proceedings, either in law or at equity, to obtain damages, to enforce specific performance, to enjoin such violation, or to obtain any relief or any combination of the foregoing as Indemnitee may elect to pursue.	Specific Performance
"(a) Maintain, with financially sound and reputable insurance companies, insurance in such amounts and against such risks as are customarily maintained by similarly situated companies engaged in the same or similar businesses operating in the same or similar locations and cause, subject to the time periods set forth in clause (ix) of the definition of ""Collateral Requirement"" and Schedule 5.02(d) , if applicable, Agent to be listed as a co-loss payee on property and casualty policies and as an additional insured on liability policies."	Insurances
The Borrower has disclosed to the Lenders all material agreements, instruments and corporate or other restrictions to which it or any of its Subsidiaries is subject, and all other matters known to it, that, individually or in the aggregate, could reasonably be expected to result in a Material Adverse Effect.  For the purposes of this Section 3.11 , all materials publicly filed by the Borrower with the SEC shall be deemed to be disclosed to the Lenders.  Neither the Lender Presentation nor any of the other written reports, financial statements, certificates or other information furnished by or on behalf of the Borrower or any Subsidiary to the Administrative Agent or any Lender in connection with the negotiation of this Agreement or delivered hereunder (as modified or supplemented by all other information so furnished and all material publicly filed by the Borrower with the SEC) contains any material misstatement of fact or omits to state any material fact necessary to make the statements therein, in the light of the circumstances under which they were made, not materially misleading; provided that, with respect to forecasts or projected financial information, the Borrower represents only that such information was prepared in good faith based upon assumptions believed to be reasonable at the time (it being understood that forecasts and projections are subject to contingencies and no assurances can be given that any forecast or projection will be realized).	Disclosures
Each of IHS and the Borrower, each other Loan Party (by its execution of the Loan Documents to which it is a party), the Administrative Agent and each Lender acknowledges that each of them has had the benefit of legal counsel of its own choice and has been afforded an opportunity to review the Loan Documents with its legal counsel and that the Loan Documents shall be construed as if jointly drafted by the parties thereto.	Construction
The Company agrees to employ the Executive, and the Executive agrees to render his services to the Company, as its Vice President General Counsel, during the Term (as defined below). In connection with his employment as Vice President General Counsel, the Executive shall serve without additional payment or compensation of any kind as an officer of any other direct or indirect subsidiary or affiliate of the Company designated by the Company’s Chief Executive Officer (collectively, the “Subsidiaries”). The Executive shall render his services at the direction of the Company’s Chief Executive Officer at the Company’s offices in Indianapolis, Indiana. The Executive agrees to use his best efforts to promote and further the business, reputation and good name of the Company and the Subsidiaries (collectively, the “Company Group”) and the Executive shall promptly and faithfully comply with all instructions, directions, requests, rules and regulations made or issued from time to time by the Company.	Employment
Upon (i) delivery to the Administrative Agent of an Assignment Agreement substantially in the form attached as Exhibit C hereto (an “ Assignment ”), together with any consent required by Section 13.03(a), (ii) payment of a $3,500 processing fee to the Administrative Agent for processing such assignment and (iii) recordation of such assignment in the Register as required by Section 13.03(c), such assignment shall become effective on the effective date specified in such Assignment. On and after the effective date of such assignment, such Purchaser shall for all purposes be a Lender party to this Credit Agreement and any other Loan Document executed by the Lenders and shall have all the rights and obligations of a Lender under the Loan Documents, to the same extent as if it were an original party hereto, and no further consent or action by the Borrowers, the Lenders or the Administrative Agent shall be required to release the transferor Lender with respect to the percentage of the Aggregate Commitment, Loans and Participation Interests assigned to such Purchaser.	Effective Dates
This Agreement and all claims, causes of action or proceedings (whether in contract, in tort, at law or otherwise) that may be based upon, arise out of or relate to this Agreement will be governed by the internal laws of the State of Maryland, excluding any conflicts- or choice-of-law rule or principle that might otherwise refer construction or interpretation of this Agreement to the substantive law of another jurisdiction.	Jurisdictions
With the exception of Base Rate Loans, interest on Loans, Letter of Credit fees, Related Expenses, and commitment and other fees and charges hereunder shall be computed on the basis of a year having three hundred sixty (360) days and calculated for the actual number of days elapsed. With respect to Base Rate Loans, interest shall be computed on the basis of a year having three hundred sixty‑five (365) days or three hundred sixty‑six (366) days, as the case may be, and calculated for the actual number of days elapsed.	Fees
This Agreement shall be construed and interpreted pursuant to the internal laws of the State of Michigan, without regard to principles of conflicts of laws. The terms and exclusions of the Company’s Alternative Dispute Resolution Policy apply to any and all disputes under this Agreement.	Applicable Laws
Interest is payable monthly on the last calendar day of each month and shall be computed on the basis of a 360-day year for the actual number of days elapsed. In computing interest, (i) all payments received after 12:00 p.m. Pacific time on any day shall be deemed received at the opening of business on the next Business Day, and (ii) the date of the making of any Credit Extension shall be included and the date of payment shall be excluded; provided , however , that if any Credit Extension is repaid on the same day on which it is made, such day shall be included in computing interest on such Credit Extension.	Payments
Landlord and Tenant represent that, except for Avison Young, representing Landlord, the parties have not dealt with any real estate broker, sales person or finder in connection with this Amendment, and no other real estate broker initiated or participated in the negotiation of this Amendment. Tenant agrees to indemnify and hold harmless Landlord from and against any liabilities (including, without limitation, reasonable attorneys’ fees and expenses) and claims for commissions and fees arising out of a breach of the foregoing representation.	Brokers
Any Lender may at any time, without the consent of, or notice to, the Borrower or the Administrative Agent, sell participations to any Person (other than a natural Person (or a holding company, investment vehicle or trust for, or owned and operated for the primary benefit of, a natural Person), the Borrower or any of the Borrower’s Affiliates or Subsidiaries) (each, a “ Participant ”) in all or a portion of such Lender’s rights and/or obligations under this Agreement (including all or a portion of its Commitment and/or the Loans owing to it); provided that (i) such Lender’s obligations under this Agreement shall remain unchanged, (ii) such Lender shall remain solely responsible to the other parties hereto for the performance of such obligations and (iii) the Borrower, the Administrative Agent, the Issuing Lenders, the Swingline Lender and the other Lenders shall continue to deal solely and directly with such Lender in connection with such Lender’s rights and obligations under this Agreement. For the avoidance of doubt, each Lender shall be responsible for the indemnity under Section 11.3(c) with respect to any payments made by such Lender to its Participant(s).	Participations
No government authorization, consent, approval, license, exemption of or filing or registration with any court or governmental department, commission, board, bureau, agency or instrumentality, domestic or foreign, under any applicable laws, rules or regulations currently in effect, is or will be necessary for, or in connection with, the transaction contemplated by this Agreement or any other agreement or instrument executed in connection herewith, or for the performance by it or its obligations under this Agreement and such other agreements.	Consents
(a) With respect to any owned real property or fixtures thereon, in each case with a purchase price or a fair market value at the time of acquisition of at least $ 2,000,000 7,500,000 , in which any Loan Party acquires ownership rights at any time after the Closing Date, promptly grant to the Collateral Agent for the benefit of the Secured Parties, a Lien of record on all such owned real property and fixtures, upon terms reasonably satisfactory in form and substance to the Collateral Agent and in accordance with any applicable requirements of any Governmental Authority (including any required appraisals of such property under FIRREA or flood determinations under Regulation H of the Board); provided that (i) nothing in this Subsection 7.9 shall defer or impair the attachment or perfection of any security interest in any Collateral covered by any of the Security Documents which would attach or be perfected pursuant to the terms thereof without action by the Parent Borrower, any of its Restricted Subsidiaries or any other Person and (ii) no such Lien shall be required to be granted as contemplated by this Subsection 7.9 on any owned real property or fixtures the acquisition of which is, or is to be, financed or refinanced, in whole or in part through the incurrence of Indebtedness, until such Indebtedness is repaid in full (and not refinanced) or, as the case may be, the Parent Borrower determines not to proceed with such financing or refinancing. In connection with any such grant to the Collateral Agent, for the benefit of the Secured Parties, of a Lien of record on any such real property in accordance with this Subsection 7.9 , the Parent Borrower or such Restricted Subsidiary shall deliver or cause to be delivered to the Collateral Agent any surveys, title insurance policies, environmental reports and other documents in connection with such grant of such Lien obtained by it in connection with the acquisition of such ownership rights in such real property or as the Collateral Agent shall reasonably request (in light of the value of such real property and the cost and availability of such surveys, title insurance policies, environmental reports and other documents and whether the delivery of such surveys, title insurance policies, environmental reports and other documents would be customary in connection with such grant of such Lien in similar circumstances).	Subsidiaries
The Company and the Subsidiaries have, or have rights to use, all patents, patent applications, trademarks, trademark applications, service marks, trade names, trade secrets, inventions, copyrights, licenses and other intellectual property rights and similar rights necessary or required for use in connection with their respective businesses as described in the SEC Reports and which the failure to so have could reasonably be expected to have a Material Adverse Effect (collectively, the “ Intellectual Property Rights ”).  None of, and neither the Company nor any Subsidiary has received a notice (written or otherwise) that any of, the Intellectual Property Rights has expired, terminated or been abandoned, or is expected to expire or terminate or be abandoned, within two (2) years from the date of this Agreement.  Neither the Company nor any Subsidiary has received, since the date of the latest audited financial statements included within the SEC Reports, a written notice of a claim or otherwise has any knowledge that the Intellectual Property Rights violate or infringe upon the rights of any Person, except as do not have or would not reasonably be expected to have a Material Adverse Effect.  To the knowledge of the Company, all such Intellectual Property Rights are enforceable and there is no existing infringement by another Person of any of the Intellectual Property Rights.  The Company and its Subsidiaries have taken reasonable security measures to protect the secrecy, confidentiality and value of all of their intellectual properties, except where failure to do so could not, individually or in the aggregate, reasonably be expected to have a Material Adverse Effect.	Intellectual Property
"The authorized capital of the Company consists of 100 Shares of Common Stock, par value $.00001, of which a total of 100 shares are issued and outstanding (the "" Issued and Outstanding Common Stock "") of the Company (the "" Issued and Outstanding Shares "") The Issued and Outstanding Shares has been duly authorized, issued, fully paid and nonassessable, free and clear of all liens, charges, pledges, security interests, Encumbrances, right of first refusal, preemptive right or other restriction. No person, firm or corporation has any right, agreement, warrant or option, present or future, contingent or absolute, or any right capable of becoming a right, agreement or option to require the Company to issue any Shares in its capital or to convert any securities of the Company or of any other company into Shares in the capital of the Company."	Capitalization
Either party may cancel or terminate this Agreement by giving writing notice if the other party (i) becomes insolvent, is the subject of bankruptcy or administration proceedings that are not dismissed within ninety (90) days of filing or makes an assignment for the benefit of creditors, or (ii) materially breaches or defaults on any of such party’s obligations under this Agreement and fails to cure the breach or default within thirty (30) days after written notice describing the breach or default. Immediately upon expiration or any termination of this Agreement, Consultant shall promptly deliver, in a format acceptable to Company, all physical embodiments of the Work Product and all Proprietary Information and all copies thereof in Consultant’s possession or control. Sections 2, 5, 6, 7, 9 and 10 shall survive expiration and any termination of this Agreement.	Terminations
The Parties shall bear their own costs and attorneys’ fees incurred in connection with the Lawsuit, and in connection with the negotiation, preparation, and review of this Agreement. However, in the event any action is brought to enforce the terms of this Agreement, the prevailing party in such action shall receive an award of its costs and reasonable attorneys’ fees incurred in that action.	Costs
Employee shall report to the Board of Directors of the Company pursuant to the procedures set forth in the Company’s Bylaws. Employee agrees to discharge such duties as may be delegated to him from time-to-time by the Company.  The Company reserves the right to change or modify the designation of Employee or his duties at Company's discretion from time-to-time. During the term of his employment, unless an actual conflict arises, Employee is authorized to engage in any other business or occupation provided he has the ability to dedicate, at the very least, twenty hours a month towards the performance of his duties hereunder. Employee is not prohibited from making passive or personal investments for which the expenditure of time is not required.  Employee acknowledges that he shall travel, as reasonably required by the Company, in connection with his employment, subject to the Company paying any and all reasonable expenses in advance of such travel.	Duties
No provision of this Agreement may be waived, modified or discharged unless such waiver, modification or discharge is agreed to in writing signed by Indemnitee and the Company.  No waiver by either party hereto at any time of any breach by the other party hereto or compliance with any condition or provision of this Agreement to be performed by such other party shall be deemed a waiver of similar or dissimilar provisions or conditions at the same or at any prior or subsequent time.  No agreements or representations, oral or otherwise, expressed or implied with respect to the subject matter hereof have been made by either party that are not set forth expressly in this Agreement.  References to Sections are to references to Sections of this Agreement.	Miscellaneous
(a) Do, or cause to be done, all things necessary to preserve, renew and keep in full force and effect its legal existence, except, in the case of a Subsidiary of the Borrower that is not a Loan Party, where the failure to do so would not reasonably be expected to have a Material Adverse Effect, and except as otherwise expressly permitted under Section 6.05 ; provided that the Borrower each First Tier Covenant Party, as applicable, may liquidate or dissolve one or more of its Subsidiaries if the assets of such Subsidiaries to the extent they exceed estimated liabilities are acquired by the Borrower such First Tier Covenant Party or a Wholly-Owned Subsidiary of the Borrower such First Tier Covenant Party in such liquidation or dissolution; except that Subsidiary Loan Parties may not be liquidated into Subsidiaries of Holdings that are not Loan Parties and Domestic Subsidiaries may not be liquidated into Foreign Subsidiaries.	Existence
The Borrower will not, and will not permit any of its Subsidiaries to, sell, lease or otherwise transfer any property or assets to, or purchase, lease or otherwise acquire any property or assets from, or otherwise engage in any other transactions with, any of its Affiliates, except (a) in the ordinary course of business at prices and on terms and conditions not less favorable to the Borrower or such Subsidiary than could be obtained on an arm’s-length basis from unrelated third parties, (b) transactions between or among the Borrower and any wholly-owned Subsidiaries not involving any other Affiliate, (c) any transaction permitted by Section 6.01 , 6.03 , 6.04 or 6.07 , (d) payment of customary fees and expenses to members of the board of directors of the Borrower and its Subsidiaries in the ordinary course of business; and (e) payment of employee compensation in the ordinary course of business to any Affiliate who is an individual in such Person’s capacity as an officer, employee or consultant of the Borrower or any of its Subsidiaries.	Transactions With Affiliates
Employer shall indemnify Executive (and, upon Executive’s death, Executive’s heirs, executors and administrators) to the fullest extent permitted by law against all expenses, including reasonable attorneys’ fees, court and investigative costs, judgments, fines and amounts paid in settlement (collectively, “ Expenses ”) reasonably incurred by Executive in connection with or arising out of any pending, threatened or completed action, suit or proceeding in which Executive becomes involved by reason of Executive’s having been an officer or director of Employer. The indemnification rights provided for herein are not exclusive and shall supplement any rights to indemnification that Executive may have under any applicable bylaw or charter provision of Employer, or any resolution of Employer, or any applicable statute.	Indemnifications
Subject to the terms and conditions of this Agreement , the consummation of the transactions contemplated by this Agreement (the “ Closing ”) shall take place at the offices of Withers Bergman LLP, 430 Park Avenue, 10th Floor, New York, New York 10022, on May 27, 2016 so long as all the conditions to Closing in Article III   are satisfied or waived by such date (other than those which, by their nature, are to be satisfied at the Closing , but subject to such satisfaction), or on such other date or at such other time mutually agreed in writing by the parties to this Agreement . The date on which the Closing is to occur is herein referred to as the “ Closing Date ”. The Closing shall be deemed to be effective as of 11:59 p.m., Eastern Daylight Time on the Closing Date .	Closings
This Agreement is for the benefit of Purchaser and Seller, and except as provided in the indemnities granted by Purchaser in this Agreement and in the Purchase Documents (as defined in Section 19) with respect to the Indemnified Parties listed therein, no other person or entity will be entitled to rely on this Agreement, receive any benefit from it or enforce any provisions of it against Purchaser or Seller.	Benefits
During the Employment Term and thereafter, the Executive shall cooperate with the Company and be reasonably available to the Company with respect to continuing and/or future matters related to the Executive’s employment period with the Company and/or its subsidiaries or affiliates, whether such matters are business-related, legal, regulatory or otherwise (including, without limitation, the Executive appearing at the Company’s request to give testimony without requiring service of a subpoena or other legal process, volunteering to the Company all pertinent information and turning over to the Company all relevant documents which are or may come into the Executive’s possession).  Following the Employment Term, the Company shall reimburse the Executive for all reasonable out of pocket expenses incurred by the Executive in rendering such services that are approved by the Company.  In addition, if more than an incidental cooperation is required at any time after the termination of the Executive’s employment, the Executive shall be paid (other than for the time of actual testimony) a per day fee based on his base salary described in Section 5(a) at the time of such termination divided by 225.	Cooperation
In the event of the death of a Participant during the period of Continuous Service since the Grant Date of an Option, or within 12 months following termination of the Participant’s Continuous Service, the Option may be exercised, at any time within 12 months following the date of the Participant’s death (or such earlier date on which the Option expires), by the Participant’s estate or by a person who acquired the right to exercise the Option by bequest or inheritance, but only to the extent the right to exercise the Option had vested at the date of death or, if earlier, the date the Participant’s Continuous Service terminated.	Death
Unless and until changed by the Company, your job position and title will be Senior Vice President and General Counsel of the Company, reporting to the Chief Executive Officer of the Company.	Positions
Pledgor has full power, authority and capacity to execute and deliver this Agreement and the Pledged Agreement and to incur and perform the obligations provided for herein and therein. The execution, delivery and performance by Pledgor of this Agreement and the Pledged Agreement, as applicable, has been duly authorized by all necessary action pursuant to its organizational documents, and a true, correct and complete copy of such authorization has been delivered to Pledgee.	Authority
The Seller represents and Certificates that all action on the part of Seller necessary for the authorization, execution, delivery, and performance of all the obligations of Seller under this Agreement has been taken prior to the Closing Date and that this Agreement constitutes a valid and legally binding obligation of Seller enforceable in accordance with its terms, subject to applicable bankruptcy, insolvency, reorganization, and moratorium laws and other laws of general application affecting enforcement of creditor’s rights generally and to general equitable principles. Seller may also sell all securities and execute a promissory note as contemplated by tins Agreement.	Authorizations
All liens and security interests securing reimbursement obligations and other obligations owed to the applicable U.S. L/C Issuer of any U.S. Bond L/C under the related Bond Documents (including any U.S. L/C Borrowing), any rights in and to any Bonds or other certificates of indebtedness issued to such L/C Issuer under the related Bond Documents, and any voting rights or other rights created in favor of such L/C Issuer under or pursuant to or in connection with any related Bond Documents (collectively, the “ Bond Rights ”), now or hereafter existing in favor of such L/C Issuer, are hereby assigned and conveyed by the applicable U.S. L/C Issuer to U.S. Funding Agent for the ratable benefit of U.S. Lenders. Notwithstanding anything to the contrary set forth in any U.S. Bond L/C, any Bonds or certificates of indebtedness purchased from the owner thereof by the applicable Trustee with funds received pursuant to a drawing under any U.S. Bond L/C shall be registered in the name of U.S. Funding Agent and shall be delivered to or held by U.S. Funding Agent or such other entity as may be specified by the applicable L/C Issuer and approved by U.S. Funding Agent in a written instrument delivered to the applicable Trustee, for the benefit of the applicable L/C Issuer, U.S. Funding Agent and the other U.S. Lenders. Each L/C Issuer of a U.S. Bond L/C agrees to execute all such other assignments, conveyances, financing statements and other documents required by U.S. Funding Agent to effect the requirements of this Section 5.14.2 ; provided that, U.S. Lenders, U.S. Funding Agent and such U.S. L/C Issuer agree that in the event any Bonds or certificates of indebtedness are issued to such U.S. L/C Issuer (or U.S. Funding Agent as the assignee of such U.S. L/C Issuer) as a result of a drawing by the applicable Trustee under the U.S. Bond L/C for which such U.S. L/C Issuer is not immediately reimbursed, and subsequently the Bonds are remarketed and such U.S. L/C Issuer is reimbursed for all amounts so advanced (which reimbursement may be a repayment of any Loan disbursed by U.S. Lenders as payment of the related U.S. Letter of Credit reimbursement obligations under Section 5.3.2 or a repayment of an U.S. L/C Borrowing), then any Bonds or certificates of indebtedness shall be released by U.S. Funding Agent and delivered to such Trustee without any further authorization from U.S. Lenders or such U.S. L/C Issuer.	Liens
The parties hereto agree that it is their intention that the ABL Collateral, the Note Collateral and any Additional First Lien Collateral be identical except as provided in Article VI and as otherwise provided herein. In furtherance of the foregoing and of Section 8.08 , the parties hereto agree, subject to the other provisions of this Agreement, upon request by the ABL Agent, the Notes Agent or any Additional First Lien Agent, to cooperate in good faith (and to direct their counsel to cooperate in good faith) from time to time in order to determine the specific items included in the ABL Collateral, the Note Collateral and any Additional First Lien Collateral and the steps taken to perfect their respective Liens thereon and the identity of the respective parties obligated under the ABL Loan Documents and the First Lien Documents.	Agreements
This Agreement and the Merger contemplated hereby have been approved by the requisite vote of the majority of the shareholders by written consent at a shareholder meeting of the Constituent Corporations stockholders in accordance with the DGCL and FLBCA and compliance with the requirements of law, including the securities laws of the United States. As promptly as practicable after the later of (a) approval of this Agreement by the Constituent Corporations stockholders in accordance with applicable law, the Constituent Corporations chief executive officer Mr. Noel Mijares or secretary, Mr. David A. Bingaman s hall promptly make and execute the Articles of Merger and shall cause such documents as necessary to be filed with the Secretary of State of Florida in accordance with the FLBCA and Secretary of State of Delaware in accordance with DGCL. The execution and delivery hereof by the constituent corporations shall constitute the approval and adoption of, and consent to, the Merger Agreement and the transactions contemplated thereby.	Approvals
Subject to the terms and conditions of this Agreement, Seller agrees to sell and convey to Buyer, and Buyer agrees to purchase and receive from Seller, the Assets, as defined below.	Sales
As used herein, capitalized terms shall have the meanings set forth in the body of this Agreement or in Appendix I .	Definitions
Employee hereby represents to Extraction that Employee has read and understands, and agrees to be bound by, the terms of this Article VIII.  Employee acknowledges that the geographic scope and duration of the covenants contained in this Article VIII are the result of arm’s-length bargaining and are fair and reasonable in light of (a) the nature and wide geographic scope of the operations of the Business, (b) Employee’s level of control over and contact with the Business in all jurisdictions in which it is conducted, (c) the fact that the Business is conducted throughout the Restricted Area and (d) the amount of Confidential Information that Employee is receiving in connection with the performance of Employee’s duties hereunder.  It is the desire and intent of the parties that the provisions of this Article VIII be enforced to the fullest extent permitted under applicable Legal Requirements, whether now or hereafter in effect and therefore, to the extent permitted by applicable Legal Requirements, Employee and Extraction hereby waive any provision of applicable Legal Requirements that would render any provision of this Article VIII invalid or unenforceable.	Enforcements
The headings in the Paragraphs of this Amendment ar e inserted for convenience only and will not constitute a part of this Agreement.	Headings
Except as set forth on Schedule 2.21(i) , neither the execution, delivery or performance of this Agreement, nor the consummation of the Merger or any of the other transactions contemplated by this Agreement, will or may (either alone or upon the occurrence of any additional or subsequent events): (i) constitute an event under any Acquired Company Employee Plan or trust that will or may result (either alone or in connection with any other circumstance or event) in any payment (whether of severance pay or otherwise), acceleration, forgiveness of Indebtedness, vesting, distribution, increase in benefits or obligation to fund benefits (through a grantor trust or otherwise) with respect to any Acquired Company employee; or (ii) create or otherwise result in any Liability with respect to any Acquired Company Employee Plan. Except as set forth on Schedule 2.21(i) , no Acquired Company is a party to any Contract that could result, separately or in the aggregate, in the payment of an “excess parachute payment” within the meaning of Section 280G as a result of the consummation of the transactions contemplated by this Agreement. None of the Acquired Companies has any obligation to make a “gross-up” or similar payment in respect of any Taxes that may become payable under Section 4999 of the Code.	No Conflicts
EACH CO-BORROWER IRREVOCABLY AND UNCONDITIONALLY SUBMITS, FOR ITSELF AND ITS PROPERTY, TO THE NONEXCLUSIVE JURISDICTION OF THE COURTS OF THE STATE OF TEXAS SITTING IN DALLAS COUNTY AND OF THE UNITED STATES DISTRICT COURT OF THE NORTHERN DISTRICT OF TEXAS, AND ANY APPELLATE COURT FROM ANY THEREOF, IN ANY ACTION OR PROCEEDING ARISING OUT OF OR RELATING TO THIS AGREEMENT OR ANY OTHER LOAN DOCUMENT, OR FOR RECOGNITION OR ENFORCEMENT OF ANY JUDGMENT, AND EACH OF THE PARTIES HERETO IRREVOCABLY AND UNCONDITIONALLY AGREES THAT ALL CLAIMS IN RESPECT OF ANY SUCH ACTION OR PROCEEDING MAY BE HEARD AND DETERMINED IN SUCH TEXAS STATE COURT OR, TO THE FULLEST EXTENT PERMITTED BY APPLICABLE LAW, IN SUCH FEDERAL COURT. EACH OF THE PARTIES HERETO AGREES THAT A FINAL JUDGMENT IN ANY SUCH ACTION OR PROCEEDING SHALL BE CONCLUSIVE AND MAY BE ENFORCED IN OTHER JURISDICTIONS BY SUIT ON THE JUDGMENT OR IN ANY OTHER MANNER PROVIDED BY LAW. NOTHING IN THIS AGREEMENT OR IN ANY OTHER LOAN DOCUMENT SHALL AFFECT ANY RIGHT THAT THE ADMINISTRATIVE AGENT, ANY LENDER OR THE L/C ISSUER MAY OTHERWISE HAVE TO BRING ANY ACTION OR PROCEEDING RELATING TO THIS AGREEMENT OR ANY OTHER LOAN DOCUMENT AGAINST ANY CO-BORROWER OR ITS PROPERTIES IN THE COURTS OF ANY JURISDICTION.	Submission To Jurisdiction
The fair salable value of Borrower’s assets (including goodwill minus disposition costs) exceeds the fair value of its liabilities; Borrower is not left with unreasonably small capital after the transactions in this Agreement; and Borrower is able to pay its debts (including trade debts) as they mature.	Solvency
The provisions of this Agreement shall be construed and interpreted in accordance with the laws of the State of Texas, and venue for any action brought with respect to any claims arising out of this Agreement shall be brought exclusively in Dallas County, Texas.	Venues
The Participant acknowledges that the RSUs and tandem Dividend Equivalents are subject to modification and termination in certain events as provided in this RSU Agreement and Article 13 of the Plan.	Adjustments
This Third Amendment shall be effective automatically and without necessity of any further action by the Borrower, the Administrative Agent or the Lenders when counterparts hereof have been executed by the Borrower, the Administrative Agent and the Majority Lenders, and all conditions to the effectiveness hereof set forth herein have been satisfied.	Effectiveness
No failure or delay on the part of the Agents, the Letter of Credit Issuing Bank or any Lender in exercising any right, power or privilege hereunder or under any other Credit Document and no course of dealing between an Obligor and any Agent, the Letter of Credit Issuing Bank or any Lender shall operate as a waiver thereof; nor shall any single or partial exercise of any right, power or privilege hereunder or under any other Credit Document preclude any other or further exercise thereof or the exercise of any other right, power or privilege hereunder or thereunder. The rights and remedies herein expressly provided are cumulative and not exclusive of any rights or remedies that the Agents, the Letter of Credit Issuing Bank or any Lender would otherwise have. No notice to or demand on an Obligor in any case shall entitle such Obligor to any other or further notice or demand in similar or other circumstances or constitute a waiver of the rights of the Agents, the Letter of Credit Issuing Bank or Lenders to any other or further action in any circumstances without notice or demand.	No Waivers
This offer letter, including, but not limited to the at-will provision above, may not be amended or modified other than by a written agreement designated as an amendment and executed by you and the CEO, following approval of the Board, although the Company reserves the right to unilaterally modify your compensation, benefits, job title and duties (subject to any express limitations set forth above).	Modifications
In the event your employment with the Company or any of its Affiliates terminates due to Disability, your rights with respect to any then unvested RSUs awarded pursuant to this Award Agreement shall become vested in you or your guardian or legal representative, as applicable, as of such termination.	Disability
The execution and delivery by such Person of this Amendment, and the performance of its obligations under this Amendment and the Agreement, as amended hereby, are within its corporate powers and have been duly authorized by all necessary corporate action on its part. This Amendment and the Agreement, as amended hereby, are its valid and legally binding obligations, enforceable in accordance with its terms.	Enforceability
To the extent that the receipt of the Restricted Stock Units or the lapse of any Forfeiture Restrictions results in income, wages or other compensation to you for any income, employment or other tax purposes with respect to which the Company has a withholding obligation, the Company is authorized to withhold from any shares of Common Stock issued under the Agreement or from any cash or stock remuneration or other payment then or thereafter payable to you any tax required to be withheld by reason of such taxable income, wages or compensation including (without limitation) shares of the Common Stock sufficient to satisfy the withholding obligation.	Tax Withholdings
From and after the date of this Agreement, the Company shall not sell, offer for sale or solicit offers to buy or otherwise negotiate in respect of any security (as defined in Section 2 of the Securities Act) of the Company that would be integrated with the offer or sale of the Securities such that the rules or regulations of the Principal Market would require stockholder approval of this transaction prior to the closing of such other transaction unless stockholder approval is obtained before the closing of such subsequent transaction.	Integration
Any judicial proceeding brought against the Borrower with respect to any Loan Document Related Claim may be brought in any court of competent jurisdiction in The City of New York, and, by execution and delivery of this Agreement, the Borrower (a) accepts, generally and unconditionally, the exclusive jurisdiction of such courts and any related appellate court and irrevocably agrees to be bound by any judgment rendered thereby in connection with any Loan Document Related Claim and (b) irrevocably waives any objection it may now or hereafter have as to the venue of any such proceeding brought in such a court or that such a court is an inconvenient forum. The Borrower hereby waives personal service of process and consents that service of process upon it may be made by certified or registered mail, return receipt requested, at its address specified or determined in accordance with the provisions of Article XII , and service so made shall be deemed completed on the third Business Day after such service is deposited in the mail. Nothing herein shall affect the right of the Administrative Agent, any Lender or any other Indemnified Person to serve process in any other manner permitted by law or shall limit the right of the Administrative Agent, the Syndication Agent, the Documentation Agent, any Lender or any other Indemnified Person to bring proceedings against the Borrower in the courts of any other jurisdiction. Any judicial proceeding by the Borrower against the Administrative Agent or any Lender involving any Loan Document Related Claim shall be brought only in a court located in the City and State of New York.	Consent To Jurisdiction
Beattie agrees and acknowledges that he will not at any time make any statement (orally or in writing) or take any action which, in any way, disparages the Company or any of its affiliates. The Company agrees that it shall not, and shall instruct its officers and members of the Board not to, disparage, criticize or defame Beattie. Nothing in this Section 7 shall prohibit the Company, its affiliates, Beattie or any other person or entity from providing truthful and accurate facts where required by lawfully compelled testimony; provided that Beattie notifies the Company in advance of any such testimony by Beattie and cooperates with the Company’s reasonable efforts with respect to such testimony, to the fullest extent permitted by applicable law. This Section 7 will survive in perpetuity.	Non-Disparagement
Such party, if an entity, has all requisite power and authority to execute, deliver and perform this Agreement and to consummate the transactions contemplated hereby.  Such party, if an individual, has the legal capacity to execute, deliver and perform this Agreement and to consummate the transactions contemplated hereby.	Powers
The Borrower will not, nor will it permit any of its Subsidiaries to, directly or to the knowledge of the Borrower, indirectly, use the proceeds of any Credit Event, or lend, contribute or otherwise make available such proceeds to any Subsidiary, joint venture partner or other individual or entity, to fund or facilitate any activities of or business with any individual or entity that, at the time of such funding, is the target of Sanctions (target and/or subject of sanctions signifying a person with whom a person obliged to comply with applicable sanctions regulations would be prohibited or restricted by law from engaging in certain transactions) or in any Designated Jurisdiction, in each case, unless authorized by the relevant sanctions authority, or in any other manner that will result in a violation by any party hereto (including any individual or entity participating in the transaction, whether as Lender, Administrative Agent, Agents, Letter of Credit Issuer, Swingline Lender, or otherwise) of Sanctions.	Sanctions
All the accounts, books, registers, ledgers, the Company Board minutes and financial and other records of whatsoever kind of the Company have been fully, properly and accurately kept and completed; there are no material inaccuracies or discrepancies of any kind contained or reflected therein; and they give and reflect a true and fair view of the financial, contractual and legal position of the Company. The Company maintains a system of internal accounting controls sufficient, in the judgment of the Company, to provide reasonable assurance that (i) transactions are executed in accordance with management’s general or specific authorizations, and (ii) transactions are recorded as necessary to permit preparation of financial statements in conformity with U.S. GAAP and to maintain asset accountability.	Books
For the immediately preceding five year period, neither the Credit Parties nor any of their respective Subsidiaries nor, to the knowledge of any Responsible Officer of any Credit Party, any director, officer, agent, employee or other Person acting in such capacity on behalf of any Credit Party or any of their respective Subsidiaries, has taken any action, directly or indirectly, that would result in a violation by such Persons of the Foreign Corrupt Practices Act of 1977, as amended, and the rules and regulations thereunder (the “ FCPA ”), or any other applicable anti-corruption law, in each case, in any material respect.  No part of the proceeds of the Loans shall be used, directly or indirectly, for any payments to any governmental official or employee, political party, official of a political party, candidate for political office, or anyone else acting in an official capacity, in order to obtain, retain or direct business or obtain any improper advantage, in violation of the FCPA. Each Credit Party has conducted its businesses in compliance with applicable anti-corruption laws, in all material respects, and has instituted and maintained policies and procedures designed to promote and achieve compliance with such laws.	Anti-Corruption Laws
This Agreement shall be binding upon the First Lien Representatives, the First Lien Secured Parties, the other First Lien Secured Parties, the Second Lien Representative, the Second Lien Secured Parties, the other Second Lien Secured Parties, the Third Lien Representative, the Third Lien Secured Parties, the other Third Lien Secured Parties, the Company and the other Grantors, and their respective successors and assigns. If any of the First Lien Representatives, the First Lien Collateral Agents, the Second Lien Representative or the Second Lien Collateral Agent, the Third Lien Representative or the Third Lien Collateral Agent resigns or is replaced pursuant to the First Lien Documents, the Second Lien Documents or the Third Lien Documents, as applicable, its successor shall be deemed to be a party to this Agreement and shall have all the rights of, and be subject to all the obligations of, this Agreement. No provision of this Agreement will inure to the benefit of a trustee, debtor-in-possession, creditor trust or other representative of an estate or creditor of any Grantor, including where any such trustee, debtor-in-possession, creditor trust or other representative of an estate is the beneficiary of a Lien securing Collateral by virtue of the avoidance of such Lien in an Insolvency or Liquidation Proceeding.	Assigns
All arbitrators shall be and remain at all times wholly impartial and independent of the parties to the Dispute, and, once appointed, no arbitrator shall have any ex parte communications with any of the parties to the Dispute concerning the arbitration or the underlying Dispute other than communications directly concerning the selection of the presiding arbitrator, where applicable.	Qualifications
