text	answer	index
last updated date : may 15 , 2017 	Other	0
arbitration notice : unless you opt out of arbitration within 30 days of the date you first agree to these terms by following the opt-out procedure specified in the `` arbitration '' section below , and except for certain types of disputes described in the `` arbitration `` section below , you agree that disputes between you and academia.edu will be resolved by binding , individual arbitration and you are waiving your right to a trial by jury or to participate as a plaintiff or class member in any purported class action or representative proceeding . 	Arbitration	1
you acknowledge and agree that , by accessing or using the site or services or by downloading or posting any content from or on the site or through the services , you are indicating that you have read , and that you understand and agree to be bound by , these terms , whether or not you have registered on or through the site . 	Contract by using	2
academia.edu reserves the right , at its sole discretion , to modify the site , services and these terms , at any time and without prior notice . 	Unilateral change	3
academia.edu reserves the right to suspend or terminate your account if any information provided during the registration process or thereafter proves to be inaccurate , not current or incomplete . 	Unilateral termination	4
neither academia.edu nor any other person or entity involved in creating , producing , or delivering the site , services or collective content will be liable for any incidental , special , exemplary or consequential damages , or lost profits , loss of data or loss of goodwill , service interruption , computer damage or system failure or the cost of substitute products or services , or for any damages for personal or bodily injury or emotional distress arising out of or in connection with these terms or from the use of or inability to use the site , services or collective content , or from any communications , interactions or meetings with other users of the site or services or other persons with whom you communicate or interact as a result of your use of the site or services , whether based on warranty , contract , tort ( including negligence ) , product liability or any other legal theory , whether or not academia.edu has been informed of the possibility of such damage , and whether or not foreseeable , even if a limited remedy set forth herein is found to have failed of its essential purpose . 	Limitation of liability	5
these terms and any action related thereto will be governed by the laws of the state of california without regard to its conflict of laws provisions . 	Choice of law	6
the exclusive jurisdiction and venue of any ip protection action or , if you timely provide academia.edu with an arbitration opt-out notice , any dispute other than an individual action brought in small claims court , will be the state and federal courts located in the northern district of california and each of the parties hereto waives any objection to jurisdiction and venue in such courts . 	Jurisdiction	7
amazon reserves the right ( but not the obligation ) to remove or edit such content , but does not regularly review posted content . 	Content removal	8
