index	contract	question	answer
0	"Licence
Your content remains yours, which means that you retain any intellectual property rights that you have in your content. For example, you have intellectual property rights in the creative content that you make, such as reviews that you write. Or you may have the right to share someone elses creative content if theyve given you their permission.
We need your permission if your intellectual property rights restrict our use of your content. You provide Google with that permission through this licence.

What's covered
This licence covers your content if that content is protected by intellectual property rights.

Whats not covered
This licence doesnt affect your privacy rights  its only about your intellectual property rights
This licence doesnt cover these types of content:
publicly available, factual information that you provide, such as corrections to the address of a local business. That information doesnt require a licence because its considered common knowledge that everyones free to use.
feedback that you offer, such as suggestions to improve our services. Feedback is covered in the Service-related communications section below.

Scope
This licence is:
worldwide, which means that its valid anywhere in the world
non-exclusive, which means that you can license your content to others
royalty-free, which means that there are no fees for this licence

Rights
This licence allows Google to:
host, reproduce, distribute, communicate and use your content  for example, to save your content on our systems and make it accessible from anywhere that you go
publish, publicly perform or publicly display your content, if youve made it visible to others
modify and create derivative works based on your content, such as reformatting or translating it
sublicense these rights to:
other users to allow the services to work as designed, such as enabling you to share photos with people that you choose
our contractors whove signed agreements with us that are consistent with these terms, only for the limited purposes described in the Purpose section below

Purpose
This licence is for the limited purpose of:
operating and improving the services, which means allowing the services to work as designed and creating new features and functionalities. This includes using automated systems and algorithms to analyse your content:
for spam, malware and illegal content
to recognise patterns in data, such as determining when to suggest a new album in Google Photos to keep related photos together
to customise our services for you, such as providing recommendations and personalised search results, content and ads (which you can change or turn off in Ads Settings)
This analysis occurs as the content is sent, received and when it is stored.
using content that youve shared publicly to promote the services. For example, to promote a Google app, we might quote a review that you wrote. Or to promote Google Play, we might show a screenshot of the app that you offer in the Play Store.
developing new technologies and services for Google consistent with these terms

Duration
This licence lasts for as long as your content is protected by intellectual property rights.
If you remove from our services any content thats covered by this licence, our systems will stop making that content publicly available in a reasonable amount of time. There are two exceptions:
If you already shared your content with others before removing it. For example, if you shared a photo with a friend who then made a copy of it, or shared it again, then that photo may continue to appear in your friends Google Account even after you remove it from your Google Account.
If you make your content available through other companies' services, its possible that search engines, including Google Search, will continue to find and display your content as part of their search results."	Is Google allowed to create new content based on the content I create and give it?	Yes
1	"Licence
Your content remains yours, which means that you retain any intellectual property rights that you have in your content. For example, you have intellectual property rights in the creative content that you make, such as reviews that you write. Or you may have the right to share someone elses creative content if theyve given you their permission.
We need your permission if your intellectual property rights restrict our use of your content. You provide Google with that permission through this licence.

What's covered
This licence covers your content if that content is protected by intellectual property rights.

Whats not covered
This licence doesnt affect your privacy rights  its only about your intellectual property rights
This licence doesnt cover these types of content:
publicly available, factual information that you provide, such as corrections to the address of a local business. That information doesnt require a licence because its considered common knowledge that everyones free to use.
feedback that you offer, such as suggestions to improve our services. Feedback is covered in the Service-related communications section below.

Scope
This licence is:
worldwide, which means that its valid anywhere in the world
non-exclusive, which means that you can license your content to others
royalty-free, which means that there are no fees for this licence

Rights
This licence allows Google to:
host, reproduce, distribute, communicate and use your content  for example, to save your content on our systems and make it accessible from anywhere that you go
publish, publicly perform or publicly display your content, if youve made it visible to others
modify and create derivative works based on your content, such as reformatting or translating it
sublicense these rights to:
other users to allow the services to work as designed, such as enabling you to share photos with people that you choose
our contractors whove signed agreements with us that are consistent with these terms, only for the limited purposes described in the Purpose section below

Purpose
This licence is for the limited purpose of:
operating and improving the services, which means allowing the services to work as designed and creating new features and functionalities. This includes using automated systems and algorithms to analyse your content:
for spam, malware and illegal content
to recognise patterns in data, such as determining when to suggest a new album in Google Photos to keep related photos together
to customise our services for you, such as providing recommendations and personalised search results, content and ads (which you can change or turn off in Ads Settings)
This analysis occurs as the content is sent, received and when it is stored.
using content that youve shared publicly to promote the services. For example, to promote a Google app, we might quote a review that you wrote. Or to promote Google Play, we might show a screenshot of the app that you offer in the Play Store.
developing new technologies and services for Google consistent with these terms

Duration
This licence lasts for as long as your content is protected by intellectual property rights.
If you remove from our services any content thats covered by this licence, our systems will stop making that content publicly available in a reasonable amount of time. There are two exceptions:
If you already shared your content with others before removing it. For example, if you shared a photo with a friend who then made a copy of it, or shared it again, then that photo may continue to appear in your friends Google Account even after you remove it from your Google Account.
If you make your content available through other companies' services, its possible that search engines, including Google Search, will continue to find and display your content as part of their search results."	Is it within Googles legal rights to create derivative works consisting of modifications of user-generated content?	Yes
2	"Were constantly developing new technologies and features to improve our services. For example, we invest in artificial intelligence that uses machine learning to detect and block spam and malware, and to provide you with innovative features like simultaneous translations. As part of this continual improvement, we sometimes add or remove features and functionalities, increase or decrease limits to our services, and start offering new services or stop offering old ones.

If we make material changes that negatively impact your use of our services or if we stop offering a service, well provide you with reasonable advance notice and an opportunity to export your content from your Google Account using Google Takeout, except in urgent situations such as preventing abuse, responding to legal requirements or addressing security and operability issues."	Will Google always allow me to transfer my content out of my Google account?	No
3	"Were constantly developing new technologies and features to improve our services. For example, we invest in artificial intelligence that uses machine learning to detect and block spam and malware, and to provide you with innovative features like simultaneous translations. As part of this continual improvement, we sometimes add or remove features and functionalities, increase or decrease limits to our services, and start offering new services or stop offering old ones.

If we make material changes that negatively impact your use of our services or if we stop offering a service, well provide you with reasonable advance notice and an opportunity to export your content from your Google Account using Google Takeout, except in urgent situations such as preventing abuse, responding to legal requirements or addressing security and operability issues."	Does Google maintain a policy pursuant to which users may in all circumstances export their Google data upon Google ceasing to offer certain services?	No
